,accuracy,precision,recall,f1
count,39.0,39.0,39.0,39.0
mean,0.9336074464040381,0.5808883941787606,0.17554422540410605,0.2515330987324351
std,0.029167155977482807,0.2728041450979851,0.1356127779017351,0.17594710619286902
min,0.8640504555010512,0.0,0.0,0.0
25%,0.9204909312991394,0.44949494949494945,0.0662386470404008,0.10735843633227934
50%,0.9397337070777856,0.625,0.175,0.2539682539682539
75%,0.9550102249488752,0.7857142857142857,0.26353759235115165,0.36681318681318675
max,0.9775753328661528,1.0,0.5454545454545454,0.6904109589041095
