,accuracy,precision,recall,f1
count,39.0,39.0,39.0,39.0
mean,0.9338011802145662,0.6024033811529501,0.21801332662272302,0.28112734334064793
std,0.030136626378574113,0.23187861055300793,0.1886993794000593,0.20102532581246824
min,0.8535388927820603,0.0,0.0,0.0
25%,0.9222144358794674,0.5,0.0626444428881574,0.1154761904761904
50%,0.9348283111422564,0.6382978723404256,0.1944444444444444,0.3076923076923077
75%,0.9533060668029993,0.7386363636363636,0.3338998211091234,0.41754716981132073
max,0.9789768745620182,1.0,0.6789473684210526,0.7306666666666667
