,accuracy,precision,recall,f1
count,39.0,39.0,39.0,39.0
mean,0.935258097174856,0.6048937880718234,0.25994304779434724,0.33373276842119803
std,0.02891264889219319,0.21827334233224555,0.17699739586496968,0.18228183046203522
min,0.8626489138051857,0.0,0.0,0.0
25%,0.921864050455501,0.5092592592592593,0.11735006119951036,0.1898876404494382
50%,0.9393319700068168,0.6129032258064516,0.2441860465116279,0.3414634146341463
75%,0.9512964260686755,0.7212732919254659,0.3968015992003998,0.4651269056619449
max,0.979677645409951,0.9902912621359224,0.6447368421052632,0.6791277258566978
