,accuracy,precision,recall,f1
count,39.0,39.0,39.0,39.0
mean,0.9315946455683601,0.582053026626057,0.2196560512411372,0.2719753838783611
std,0.030392791580972956,0.21580209839791137,0.19622949307833137,0.19380881569468789
min,0.8556412053258584,0.0,0.0,0.0
25%,0.9152067274001402,0.4571484222828204,0.06274586939417774,0.11451048951048945
50%,0.9372869802317656,0.5625,0.1777777777777777,0.2666666666666666
75%,0.9498977505112474,0.6991620111731843,0.33410721823554235,0.38131588513267906
max,0.97687456201822,1.0,0.6578947368421053,0.6775067750677507
