,accuracy,precision,recall,f1
count,39.0,39.0,39.0,39.0
mean,0.932510058339268,0.6294348426697238,0.1767612707852339,0.2434568270928999
std,0.030790405407361672,0.23324522073855883,0.1563149010503962,0.17119249826332103
min,0.846531184302733,0.0,0.0,0.0
25%,0.9183601962158374,0.5298245614035088,0.0702372562837679,0.1312551271534044
50%,0.9411352487736512,0.6081081081081081,0.1206896551724138,0.2068965517241379
75%,0.9532998568363851,0.7735042735042735,0.25030704986489805,0.3557534567611905
max,0.9817799579537492,1.0,0.5896414342629482,0.699228791773779
